item_id,split,chart_type,task_type,kpi,encoding_x,encoding_y,users,context_summary,layout,styling,interactions,rationales,automatic_validation_status,automatic_reason_codes,automatic_validation_details,reviewer_id,users_ok,context_summary_ok,layout_ok,styling_ok,interactions_ok,rationales_ok,invented_content_found,immutable_violation_found,overall_accept,notes,goal_fidelity,raw_columns_correct,kpi_correct,chart_appropriate,encoding_correct,constraints_preserved,source_fidelity,design_validity,accept,error_category,review_comment
nvbench:2323@x_name@ASC:query:0,train,bar,comparison,COUNT(Years_Played),Years_Played,COUNT(Years_Played),Sports analyst comparing player counts across years played for Columbus Crew.,"{""db_id"": ""match_season"", ""n_kpis"": 1, ""source"": ""nvbench"", ""data_scope"": ""players grouped by years played, filtered by team"", ""task_type"": ""comparison""}","{""type"": ""single"", ""blocks"": [{""kpi"": ""COUNT(Years_Played)"", ""chart"": ""the selected chart""}]}","{""theme"": ""minimal"", ""emphasis"": ""ordered categories""}","[{""type"": ""tooltip"", ""fields"": [""Years_Played"", ""COUNT(Years_Played)""]}, {""type"": ""sort"", ""fields"": [""COUNT(Years_Played)""]}]","[{""claim"": ""The selected bar chart supports comparison of COUNT(Years_Played) across Years_Played."", ""principle"": ""Position on a common scale (Cleveland & McGill)""}]",accepted,,,R1,1,1,1,1,1,1,none found,none found,1,"Persona (users), context_summary, layout, styling, interactions and rationales are mutually consistent with kpi/encoding_x/encoding_y; no fabricated fields detected.",1,1,1,1,1,1,1,1,1,,"Bar chart with COUNT(Years_Played) on y and Years_Played on x is a standard, well-supported categorical comparison; encoding and sort are internally consistent."
nvbench:8:query:0,train,pie,part_to_whole,COUNT(Rank),Rank,COUNT(Rank),University administrator analyzing faculty rank distribution.,"{""db_id"": ""activity_1"", ""n_kpis"": 1, ""source"": ""nvbench"", ""data_scope"": ""faculty members per rank""}","{""type"": ""single"", ""blocks"": [{""kpi"": ""COUNT(Rank)"", ""chart"": ""the selected chart""}]}","{""theme"": ""minimal"", ""emphasis"": ""proportional areas""}","[{""type"": ""tooltip"", ""fields"": [""Rank"", ""COUNT(Rank)""]}, {""type"": ""legend_toggle"", ""fields"": [""Rank""]}]","[{""claim"": ""The selected chart supports part-to-whole comparison of COUNT(Rank) across Rank categories."", ""principle"": ""Pie charts encode proportions through angle and area, facilitating part-to-whole analysis (Cleveland & McGill).""}]",accepted,,,R1,1,1,1,1,1,1,none found,none found,1,"Persona (users), context_summary, layout, styling, interactions and rationales are mutually consistent with kpi/encoding_x/encoding_y; no fabricated fields detected.",1,1,1,1,1,1,1,1,1,,Pie of COUNT(Rank) across faculty Rank is a valid part-to-whole use case with a low-cardinality categorical dimension and an additive COUNT measure.
nvbench:2975:query:1,train,line,trend,COUNT(date_order_placed),date_order_placed,COUNT(date_order_placed),Analyst examining order count trends over time for a specific invoice.,"{""db_id"": ""tracking_orders"", ""n_kpis"": 1, ""source"": ""nvbench"", ""data_scope"": ""orders filtered by invoice_number = 10, grouped by year"", ""time_grain"": ""YEAR""}","{""type"": ""single"", ""blocks"": [{""kpi"": ""COUNT(date_order_placed)"", ""chart"": ""the selected chart""}]}","{""theme"": ""minimal"", ""emphasis"": ""temporal trend""}","[{""type"": ""tooltip"", ""fields"": [""date_order_placed"", ""COUNT(date_order_placed)""]}, {""type"": ""zoom"", ""fields"": [""date_order_placed""]}, {""type"": ""time_range_select"", ""fields"": [""date_order_placed""]}]","[{""claim"": ""The selected line chart supports the trend task by mapping COUNT(date_order_placed) to the y-axis and date_order_placed to the x-axis, using position and slope to show change over time."", ""principle"": ""Position on a common scale and slope for direction (Cleveland & McGill)""}]",accepted,,,R1,1,1,1,1,1,1,none found,none found,1,"Persona (users), context_summary, layout, styling, interactions and rationales are mutually consistent with kpi/encoding_x/encoding_y; no fabricated fields detected.",1,1,1,1,1,1,1,1,1,,"Line chart of COUNT(date_order_placed) by year for a single invoice_number=10 filter matches the trend task, with time_grain YEAR properly declared."
nvbench:1487@x_name@DESC:query:1,train,stacked_bar,composition,COUNT(Away_team),Away_team,COUNT(Away_team),Sports analyst comparing game counts across away teams and home teams.,"{""db_id"": ""game_injury"", ""n_kpis"": 1, ""source"": ""nvbench"", ""data_scope"": ""games grouped by away team and home team"", ""task_type"": ""composition""}","{""type"": ""single"", ""blocks"": [{""kpi"": ""COUNT(Away_team)"", ""chart"": ""the selected chart""}]}","{""theme"": ""minimal"", ""emphasis"": ""stacked segments""}","[{""type"": ""tooltip"", ""fields"": [""Away_team"", ""Home_team"", ""COUNT(Away_team)""]}, {""type"": ""sort"", ""fields"": [""COUNT(Away_team)""]}, {""type"": ""legend_toggle"", ""fields"": [""Home_team""]}]","[{""claim"": ""The selected chart uses a stacked bar to show composition of COUNT(Away_team) across Away_team, segmented by Home_team, supporting the composition task."", ""principle"": ""Stacked bars effectively show part-to-whole relationships (Cleveland & McGill)""}]",accepted,,,R1,1,1,1,1,1,1,none found,none found,1,"Persona (users), context_summary, layout, styling, interactions and rationales are mutually consistent with kpi/encoding_x/encoding_y; no fabricated fields detected.",1,1,1,1,1,1,1,1,1,,"Stacked bar of COUNT(Away_team) segmented by Home_team is additive and preserves the composition grouping consistently across encoding, tooltip and legend."
nvbench:292:query:1,train,scatter,correlation,mean_humidity,mean_temperature_f,mean_humidity,Weather analyst exploring correlation between mean temperature and mean humidity on days with highest gust speeds.,"{""db_id"": ""bike_1"", ""n_kpis"": 2, ""source"": ""nvbench"", ""data_scope"": ""top 3 max gust speed days"", ""chart_type"": ""scatter"", ""task_type"": ""correlation""}","{""type"": ""single"", ""blocks"": [{""kpi"": ""mean_humidity"", ""chart"": ""the selected chart""}]}","{""theme"": ""minimal"", ""emphasis"": ""correlation between mean_temperature_f and mean_humidity""}","[{""type"": ""tooltip"", ""fields"": [""max_gust_speed_mph"", ""mean_temperature_f"", ""mean_humidity""]}, {""type"": ""hover_highlight"", ""fields"": [""max_gust_speed_mph""]}]","[{""claim"": ""The selected chart (scatter) supports correlation analysis between mean_temperature_f and mean_humidity."", ""principle"": ""Scatter plots are effective for showing correlation between two quantitative variables (Cleveland & McGill)""}, {""claim"": ""Sorting by max_gust_speed_mph descending and limiting to top 3 focuses on extreme gust days."", ""principle"": ""Sorting and limiting data reduces cognitive load and highlights key patterns (Tufte)""}]",accepted,,,R1,1,1,1,1,1,1,none found,none found,1,"Persona (users), context_summary, layout, styling, interactions and rationales are mutually consistent with kpi/encoding_x/encoding_y; no fabricated fields detected.",1,1,1,1,1,1,1,1,1,,"Both axes (mean_temperature_f, mean_humidity) are genuine continuous quantitative variables, satisfying the scatter rule. The top-3-gust-days filter is a legitimate data-scope constraint, not a structural chart defect."
nvbench:2814@x_name@ASC:query:1,val,bar,comparison,COUNT(Competition_type),Competition_type,COUNT(Competition_type),Sports analyst comparing counts of competition types.,"{""db_id"": ""sports_competition"", ""n_kpis"": 1, ""source"": ""nvbench"", ""data_scope"": ""competition types"", ""task_type"": ""comparison""}","{""type"": ""single"", ""blocks"": [{""kpi"": ""COUNT(Competition_type)"", ""chart"": ""the selected chart""}]}","{""theme"": ""minimal"", ""emphasis"": ""ordered categories""}","[{""type"": ""tooltip"", ""fields"": [""Competition_type"", ""COUNT(Competition_type)""]}, {""type"": ""sort"", ""fields"": [""COUNT(Competition_type)""]}]","[{""claim"": ""The selected chart supports comparison of COUNT(Competition_type) across Competition_type categories."", ""principle"": ""Position on a common scale (Cleveland & McGill)""}, {""claim"": ""The selected chart's sorting by Competition_type ascending aids in ranking comparison."", ""principle"": ""Ordered categories facilitate comparison (Cleveland & McGill)""}]",accepted,,,R1,1,1,1,1,1,1,none found,none found,1,"Persona (users), context_summary, layout, styling, interactions and rationales are mutually consistent with kpi/encoding_x/encoding_y; no fabricated fields detected.",1,1,1,1,1,1,1,1,1,,Bar chart of COUNT(Competition_type) across Competition_type is a clean comparison example with consistent ascending sort.
nvbench:1964:query:1,val,pie,part_to_whole,COUNT(decor),decor,COUNT(decor),Hotel manager analyzing distribution of decor types among king bed rooms.,"{""db_id"": ""inn_1"", ""n_kpis"": 1, ""source"": ""nvbench"", ""data_scope"": ""rooms with king bed grouped by decor"", ""task_type"": ""part_to_whole"", ""chart_type"": ""pie""}","{""type"": ""single"", ""blocks"": [{""kpi"": ""COUNT(decor)"", ""chart"": ""the selected chart""}]}","{""theme"": ""minimal"", ""emphasis"": ""category proportions""}","[{""type"": ""tooltip"", ""fields"": [""decor"", ""COUNT(decor)""]}, {""type"": ""legend_toggle"", ""fields"": [""decor""]}]","[{""claim"": ""The selected pie chart supports part-to-whole analysis of COUNT(decor) across decor categories."", ""principle"": ""Pie charts encode proportions via angle, following the area principle (Cleveland & McGill).""}]",accepted,,,R1,1,1,1,1,1,1,none found,none found,1,"Persona (users), context_summary, layout, styling, interactions and rationales are mutually consistent with kpi/encoding_x/encoding_y; no fabricated fields detected.",1,1,1,1,1,1,1,1,1,,Pie of COUNT(decor) filtered to king-bed rooms is a valid additive part-to-whole example over a low-cardinality decor field.
nvbench:779@x_name@ASC:query:0,val,line,trend,COUNT(Date_in_Locaton_To),Date_in_Locaton_To,COUNT(Date_in_Locaton_To),Operations manager tracking document counts over time by location.,"{""db_id"": ""cre_Doc_Tracking_DB"", ""n_kpis"": 1, ""source"": ""nvbench"", ""data_scope"": ""documents grouped by location and year"", ""time_grain"": ""year""}","{""type"": ""single"", ""blocks"": [{""kpi"": ""COUNT(Date_in_Locaton_To)"", ""chart"": ""the selected chart""}]}","{""theme"": ""minimal"", ""emphasis"": ""trend lines""}","[{""type"": ""tooltip"", ""fields"": [""Date_in_Locaton_To"", ""Location_Code"", ""COUNT(Date_in_Locaton_To)""]}, {""type"": ""legend_toggle"", ""fields"": [""Location_Code""]}, {""type"": ""time_range_select"", ""fields"": [""Date_in_Locaton_To""]}, {""type"": ""filter"", ""fields"": [""Location_Code""]}]","[{""claim"": ""The selected line chart supports trend analysis of document counts over time, with multiple lines enabling comparison across locations, using position on a common scale."", ""principle"": ""Position on a common scale (Cleveland & McGill)""}]",rejected,rationale_disagrees_with_task_chart_or_encoding,no rationale mentions an encoded field,R1,1,1,1,1,1,0,"rationale asserts 'multiple lines enabling comparison across locations' (i.e. Location_Code as a series) but this grouping is not present in encoding_x/encoding_y, only in interactions (legend_toggle/filter)",none found,0,"Matches the file's own automatic_validation_status=rejected flag (rationale_disagrees_with_task_chart_or_encoding). The rationale text describes a multi-series line chart that the formal encoding does not support; interactions_ok is ambiguous because the interaction itself is legitimately specified, but it conflicts with what the rationale claims about the chart's design.",1,1,1,1,0,0,0,1,0,encoding_error;source_conflict,"Automatic validation already flagged this record (rationale_disagrees_with_task_chart_or_encoding: no rationale mentions an encoded field). The rationale claims 'multiple lines enabling comparison across locations' implying Location_Code is a series/grouping field, but encoding_x/encoding_y only declare Date_in_Locaton_To and COUNT; the grouping field is not represented in the formal encoding, only in interactions, a genuine encoding-source conflict."
nvbench:1330@y_name@DESC:query:1,val,stacked_bar,composition,COUNT(Start_from),Start_from,COUNT(Start_from),HR analyst comparing hire counts by weekday and full-time status.,"{""db_id"": ""employee_hire_evaluation"", ""n_kpis"": 1, ""source"": ""nvbench"", ""data_scope"": ""employee hires grouped by weekday and full-time status"", ""chart_type"": ""stacked_bar""}","{""type"": ""single"", ""blocks"": [{""kpi"": ""COUNT(Start_from)"", ""chart"": ""the selected chart""}]}","{""theme"": ""minimal"", ""emphasis"": ""composition across weekday""}","[{""type"": ""tooltip"", ""fields"": [""Start_from"", ""Is_full_time"", ""COUNT(Start_from)""]}, {""type"": ""sort"", ""fields"": [""COUNT(Start_from)""]}, {""type"": ""filter"", ""fields"": [""Is_full_time""]}]","[{""claim"": ""The selected chart (stacked bar) supports composition analysis of COUNT(Start_from) across Start_from weekday, grouped by Is_full_time."", ""principle"": ""Stacked bars facilitate part-to-whole comparisons (Cleveland & McGill)""}]",accepted,,,R1,1,1,1,1,1,1,none found,none found,1,"Persona (users), context_summary, layout, styling, interactions and rationales are mutually consistent with kpi/encoding_x/encoding_y; no fabricated fields detected.",1,1,1,1,1,1,1,1,1,,"Stacked bar of COUNT(Start_from) by weekday, grouped by Is_full_time, is additive and the composition grouping is reflected consistently in tooltip and filter."
nvbench:2345:query:0,val,scatter,correlation,Prominence,Height,Prominence,Geographer analyzing correlation between Height and Prominence.,"{""db_id"": ""mountain_photos"", ""n_kpis"": 2, ""source"": ""nvbench"", ""data_scope"": ""mountains excluding Aberdare Range"", ""chart_type"": ""scatter"", ""task_type"": ""correlation""}","{""type"": ""single"", ""blocks"": [{""kpi"": ""Prominence"", ""chart"": ""scatter""}]}","{""theme"": ""minimal"", ""emphasis"": ""correlation trend""}","[{""type"": ""tooltip"", ""fields"": [""Height"", ""Prominence"", ""range""]}, {""type"": ""brush"", ""fields"": [""Height"", ""Prominence""]}, {""type"": ""hover_highlight"", ""fields"": [""Height"", ""Prominence""]}]","[{""claim"": ""The selected scatter chart supports correlation analysis between Height and Prominence."", ""principle"": ""Scatter plots are effective for showing relationships between two quantitative variables (Cleveland & McGill)""}, {""claim"": ""The filter on range excludes Aberdare Range to focus on other mountain ranges."", ""principle"": ""Filtering irrelevant data reduces noise and clarifies patterns (Tufte)""}]",accepted,,,R1,1,1,1,1,1,1,none found,none found,1,"Persona (users), context_summary, layout, styling, interactions and rationales are mutually consistent with kpi/encoding_x/encoding_y; no fabricated fields detected.",1,1,1,1,1,1,1,1,1,,Scatter of Height vs Prominence uses two genuine continuous quantitative variables and a reasonable exclusion filter on range; valid correlation example.
nvbench:2308@x_name@DESC:query:0,train,bar,comparison,Num_of_Component,Name,Num_of_Component,Manufacturing analyst comparing component counts across furniture names.,"{""db_id"": ""manufacturer"", ""n_kpis"": 1, ""source"": ""nvbench"", ""data_scope"": ""furniture with more than 10 components"", ""task"": ""comparison""}","{""type"": ""single"", ""blocks"": [{""kpi"": ""Num_of_Component"", ""chart"": ""the selected chart""}]}","{""theme"": ""minimal"", ""emphasis"": ""ordered categories""}","[{""type"": ""tooltip"", ""fields"": [""Name"", ""Num_of_Component""]}, {""type"": ""sort"", ""fields"": [""Num_of_Component""]}]","[{""claim"": ""The selected bar chart supports comparison of Num_of_Component across Name categories."", ""principle"": ""Position on a common scale (Cleveland & McGill)""}, {""claim"": ""The filter Num_of_Component > 10 focuses the comparison on furniture with many components."", ""principle"": ""Focus on relevant data (Shneiderman's mantra)""}]",accepted,,,R1,1,1,1,1,1,1,none found,none found,1,"Persona (users), context_summary, layout, styling, interactions and rationales are mutually consistent with kpi/encoding_x/encoding_y; no fabricated fields detected.",1,1,1,1,1,1,1,1,1,,"Bar chart comparing raw Num_of_Component values across furniture Name with a >10 filter is a valid comparison; the measure is a genuine numeric column, not a mislabeled identifier."
nvbench:402:query:0,train,pie,part_to_whole,count(*),Sex,count(*),Demographic analyst examining gender distribution among individuals with weight over 85.,"{""db_id"": ""candidate_poll"", ""n_kpis"": 1, ""source"": ""nvbench"", ""data_scope"": ""people with weight > 85 grouped by sex"", ""chart_purpose"": ""part-to-whole comparison""}","{""type"": ""single"", ""blocks"": [{""kpi"": ""count(*)"", ""chart"": ""the selected chart""}]}","{""theme"": ""minimal"", ""emphasis"": ""proportional shares""}","[{""type"": ""tooltip"", ""fields"": [""Sex"", ""count(*)""]}, {""type"": ""legend_toggle"", ""fields"": [""Sex""]}]","[{""claim"": ""The selected chart supports the part-to-whole task by displaying count(*) across Sex."", ""principle"": ""Pie charts encode proportions via angle, facilitating part-to-whole comparisons (Cleveland & McGill)""}]",accepted,,,R1,1,1,1,1,1,1,none found,none found,1,"Persona (users), context_summary, layout, styling, interactions and rationales are mutually consistent with kpi/encoding_x/encoding_y; no fabricated fields detected.",1,1,1,1,1,1,1,1,1,,"Pie of count(*) across the binary Sex field (weight>85 filter) is an ideal low-cardinality, additive part-to-whole example."
nvbench:774@x_name@DESC:query:1,train,line,trend,COUNT(Date_in_Locaton_To),Date_in_Locaton_To,COUNT(Date_in_Locaton_To),Document analyst tracking yearly document counts.,"{""db_id"": ""cre_Doc_Tracking_DB"", ""n_kpis"": 1, ""source"": ""nvbench"", ""data_scope"": ""documents grouped by year"", ""time_grain"": ""YEAR"", ""task_type"": ""trend""}","{""type"": ""single"", ""blocks"": [{""kpi"": ""COUNT(Date_in_Locaton_To)"", ""chart"": ""the selected chart""}]}","{""theme"": ""clean"", ""emphasis"": ""temporal trend""}","[{""type"": ""tooltip"", ""fields"": [""Date_in_Locaton_To"", ""COUNT(Date_in_Locaton_To)""]}, {""type"": ""sort"", ""fields"": [""COUNT(Date_in_Locaton_To)""]}, {""type"": ""time_range_select"", ""fields"": [""Date_in_Locaton_To""]}]","[{""claim"": ""The selected line chart effectively shows the trend of COUNT(Date_in_Locaton_To) over yearly bins of Date_in_Locaton_To."", ""principle"": ""Line charts leverage position along a common scale to convey temporal patterns (Cleveland & McGill).""}]",accepted,,,R1,1,1,1,1,1,1,none found,none found,1,"Persona (users), context_summary, layout, styling, interactions and rationales are mutually consistent with kpi/encoding_x/encoding_y; no fabricated fields detected.",1,1,1,1,1,1,1,1,1,,"The 'sort' entry is a user-triggered UI interaction, not the default rendering order; the default trend line still runs along the temporal x-axis with an explicit YEAR time grain, so the core encoding is intact."
nvbench:2946@y_name@DESC:query:0,train,stacked_bar,composition,COUNT(Year),Year,COUNT(Year),Gallery analyst comparing the count of years per theme.,"{""db_id"": ""theme_gallery"", ""n_kpis"": 1, ""source"": ""nvbench"", ""data_scope"": ""themes grouped by year count"", ""sort_order"": ""descending by COUNT(Year)""}","{""type"": ""single"", ""blocks"": [{""kpi"": ""COUNT(Year)"", ""chart"": ""the selected chart""}]}","{""theme"": ""minimal"", ""emphasis"": ""descending order of COUNT(Year)""}","[{""type"": ""tooltip"", ""fields"": [""Theme"", ""Year"", ""COUNT(Year)""]}, {""type"": ""sort"", ""fields"": [""COUNT(Year)""]}, {""type"": ""filter"", ""fields"": [""Theme""]}, {""type"": ""legend_toggle"", ""fields"": [""Theme""]}]","[{""claim"": ""The selected chart (stacked bar) encodes COUNT(Year) on the y-axis and Theme as color, supporting the composition task by showing how each theme contributes to the total count of years."", ""principle"": ""Stacked bars effectively communicate part-to-whole relationships (Cleveland & McGill).""}, {""claim"": ""The descending sort by COUNT(Year) facilitates comparison of theme popularity."", ""principle"": ""Ordering categories by value improves readability (Cleveland & McGill).""}]",accepted,,,R1,1,1,1,1,1,1,none found,none found,1,"Persona (users), context_summary, layout, styling, interactions and rationales are mutually consistent with kpi/encoding_x/encoding_y; no fabricated fields detected.",1,1,1,1,1,1,1,1,1,,x=Year with Theme as the stacked series is a defensible way to show 'count of years per theme' as a composition-over-time breakdown; it does not contradict the stated analytical goal.
nvbench:3205:query:3,train,scatter,correlation,count(*),Advisor,count(*),Data analyst investigating correlation between advisor and student count.,"{""db_id"": ""voter_2"", ""n_kpis"": 1, ""source"": ""nvbench"", ""data_scope"": ""advisor and student count""}","{""type"": ""single"", ""blocks"": [{""kpi"": ""count(*)"", ""chart"": ""the selected chart""}]}","{""theme"": ""minimal"", ""emphasis"": ""correlation between variables""}","[{""type"": ""tooltip"", ""fields"": [""Advisor"", ""count(*)""]}, {""type"": ""sort"", ""fields"": [""count(*)""]}, {""type"": ""zoom"", ""fields"": [""Advisor"", ""count(*)""]}, {""type"": ""brush"", ""fields"": [""Advisor"", ""count(*)""]}]","[{""claim"": ""The selected scatter plot supports correlation analysis between Advisor and count(*)."", ""principle"": ""Scatter plots are effective for revealing relationships between two quantitative variables (Cleveland & McGill).""}]",accepted,,,R1,1,1,1,1,1,1,none found,none found,1,"Persona (users), context_summary, layout, styling, interactions and rationales are mutually consistent with kpi/encoding_x/encoding_y; no fabricated fields detected.",1,1,1,1,1,1,1,1,1,,"Scatter plots Advisor (a categorical/identifier field) against count(*); Advisor is not a meaningful quantitative variable, so a scatter 'correlation' between an ID and a count is not statistically valid — a bar chart would be the appropriate choice."
nvbench:1392@x_name@ASC:query:0,val,bar,comparison,COUNT(Type),Type,COUNT(Type),Film analyst comparing counts of films per type.,"{""db_id"": ""film_rank"", ""n_kpis"": 1, ""source"": ""nvbench"", ""data_scope"": ""films grouped by type"", ""task_type"": ""comparison""}","{""type"": ""single"", ""blocks"": [{""kpi"": ""COUNT(Type)"", ""chart"": ""the selected chart""}]}","{""theme"": ""minimal"", ""emphasis"": ""sorted ascending by Type""}","[{""type"": ""tooltip"", ""fields"": [""Type"", ""COUNT(Type)""]}, {""type"": ""sort"", ""fields"": [""COUNT(Type)""]}]","[{""claim"": ""The selected chart supports comparison of COUNT(Type) across Type categories."", ""principle"": ""Position on a common scale (Cleveland & McGill)""}]",accepted,,,R1,1,1,1,1,1,1,none found,none found,1,"Persona (users), context_summary, layout, styling, interactions and rationales are mutually consistent with kpi/encoding_x/encoding_y; no fabricated fields detected.",1,1,1,1,1,1,1,1,1,,"Bar chart of COUNT(Type) across film Type categories is a standard, well-formed comparison example."
nvbench:3142:query:4,val,pie,part_to_whole,All_Games_Percent,All_Road,All_Games_Percent,Analyst examining the proportion of All_Games_Percent across All_Road categories.,"{""db_id"": ""university_basketball"", ""n_kpis"": 1, ""source"": ""nvbench"", ""data_scope"": ""All_Road categories"", ""measure"": ""All_Games_Percent""}","{""type"": ""single"", ""blocks"": [{""kpi"": ""All_Games_Percent"", ""chart"": ""the selected chart""}]}","{""theme"": ""minimal"", ""emphasis"": ""proportional slices""}","[{""type"": ""tooltip"", ""fields"": [""All_Road"", ""All_Games_Percent""]}, {""type"": ""legend_toggle"", ""fields"": [""All_Road""]}]","[{""claim"": ""The selected chart (pie) supports part-to-whole comparison of All_Games_Percent across All_Road categories."", ""principle"": ""Pie charts encode proportions by angle, effectively showing part-to-whole relationships (Cleveland & McGill).""}]",accepted,,,R1,1,1,1,1,1,1,none found,none found,1,"Persona (users), context_summary, layout, styling, interactions and rationales are mutually consistent with kpi/encoding_x/encoding_y; no fabricated fields detected.",1,1,1,1,1,1,1,1,1,,"Pie chart encodes All_Games_Percent, a pre-computed percentage/ratio field, across All_Road categories; percentages of this kind are not additive across categories and cannot be meaningfully summed into a whole, violating the pie chart's part-to-whole requirement (COUNT/SUM only)."
nvbench:1388@x_name@ASC:query:3,val,line,trend,COUNT(Year),Year,COUNT(Year),Farm analyst tracking number of competitions per year.,"{""db_id"": ""farm"", ""n_kpis"": 1, ""source"": ""nvbench"", ""data_scope"": ""competitions per year"", ""time_grain"": ""YEAR""}","{""type"": ""single"", ""blocks"": [{""kpi"": ""COUNT(Year)"", ""chart"": ""the selected chart""}]}","{""theme"": ""minimal"", ""emphasis"": ""temporal trend""}","[{""type"": ""tooltip"", ""fields"": [""Year"", ""COUNT(Year)""]}, {""type"": ""zoom"", ""fields"": [""Year""]}, {""type"": ""brush"", ""fields"": [""Year"", ""COUNT(Year)""]}, {""type"": ""hover_highlight"", ""fields"": [""Year"", ""COUNT(Year)""]}]","[{""claim"": ""The selected chart supports trend analysis of COUNT(Year) over Year."", ""principle"": ""Position on a common scale is effective for temporal trends (Cleveland & McGill).""}, {""claim"": ""The ascending sort of Year aligns with natural temporal order, aiding interpretation."", ""principle"": ""Ordered data along a temporal axis follows the principle of natural ordering.""}]",accepted,,,R1,1,1,1,1,1,1,none found,none found,1,"Persona (users), context_summary, layout, styling, interactions and rationales are mutually consistent with kpi/encoding_x/encoding_y; no fabricated fields detected.",1,1,1,1,1,1,1,1,1,,Line chart of COUNT(Year) with an explicit YEAR time grain and ascending temporal sort is a textbook valid trend example.
nvbench:2828@x_name@ASC:query:1,val,stacked_bar,composition,COUNT(services),services,COUNT(services),Analyst examining composition of services across local authorities.,"{""db_id"": ""station_weather"", ""n_kpis"": 1, ""source"": ""nvbench"", ""data_scope"": ""services grouped by local_authority"", ""task_type"": ""composition""}","{""type"": ""single"", ""blocks"": [{""kpi"": ""COUNT(services)"", ""chart"": ""the selected chart""}]}","{""theme"": ""minimal"", ""emphasis"": ""stacked segments""}","[{""type"": ""tooltip"", ""fields"": [""services"", ""local_authority"", ""COUNT(services)""]}, {""type"": ""sort"", ""fields"": [""services""]}, {""type"": ""legend_toggle"", ""fields"": [""local_authority""]}]","[{""claim"": ""The selected chart (stacked bar) supports the composition task by showing the breakdown of COUNT(services) across local_authority for each service."", ""principle"": ""Stacked bars facilitate part-to-whole comparisons (Cleveland & McGill).""}]",accepted,,,R1,1,1,1,1,1,1,none found,none found,1,"Persona (users), context_summary, layout, styling, interactions and rationales are mutually consistent with kpi/encoding_x/encoding_y; no fabricated fields detected.",1,1,1,1,1,1,1,1,1,,"Stacked bar of COUNT(services) by services, grouped/colored by local_authority, is additive and preserves the composition grouping in encoding and interactions."
nvbench:51:query:2,train,scatter,correlation,count(*),Advisor,count(*),University administrator examining correlation between advisor ID and student count.,"{""db_id"": ""allergy_1"", ""n_kpis"": 1, ""source"": ""nvbench"", ""data_scope"": ""Advisor and count(*)"", ""visual_grouping"": ""advisor""}","{""type"": ""single"", ""blocks"": [{""kpi"": ""count(*)"", ""chart"": ""the selected chart""}]}","{""theme"": ""minimal"", ""emphasis"": ""correlation pattern""}","[{""type"": ""tooltip"", ""fields"": [""Advisor"", ""count(*)""]}, {""type"": ""zoom"", ""fields"": [""Advisor"", ""count(*)""]}, {""type"": ""brush"", ""fields"": [""Advisor"", ""count(*)""]}, {""type"": ""hover_highlight"", ""fields"": [""Advisor"", ""count(*)""]}]","[{""claim"": ""The selected scatter chart supports correlation analysis between Advisor and count(*)."", ""principle"": ""Scatter plots reveal relationships between two quantitative variables (Cleveland & McGill).""}, {""claim"": ""Encoding Advisor on x-axis and count(*) on y-axis leverages position along common scales."", ""principle"": ""Position on a common scale is the most accurate visual channel for quantitative comparison (Cleveland & McGill).""}]",accepted,,,R1,1,1,1,1,1,1,none found,none found,1,"Persona (users), context_summary, layout, styling, interactions and rationales are mutually consistent with kpi/encoding_x/encoding_y; no fabricated fields detected.",1,1,1,1,1,1,1,1,1,,"Same structural flaw as the other Advisor-based scatter record: Advisor is a categorical identifier, not a continuous quantitative variable, so plotting it against count(*) on a scatter axis is not a valid correlation analysis."
nvbench:2581@y_name@DESC:query:1,train,bar,comparison,COUNT(Name),Name,COUNT(Name),Product analyst comparing counts of phone names.,"{""db_id"": ""phone_market"", ""n_kpis"": 1, ""source"": ""nvbench"", ""dimension"": ""Name"", ""measure"": ""COUNT(Name)""}","{""type"": ""single"", ""blocks"": [{""kpi"": ""COUNT(Name)"", ""chart"": ""the selected chart""}]}","{""theme"": ""minimal"", ""emphasis"": ""descending order""}","[{""type"": ""tooltip"", ""fields"": [""Name"", ""COUNT(Name)""]}, {""type"": ""sort"", ""fields"": [""COUNT(Name)""]}]","[{""claim"": ""The selected bar chart supports comparison of COUNT(Name) across Name categories."", ""principle"": ""Position on a common scale (Cleveland & McGill)""}, {""claim"": ""The descending sort of bars aids in identifying top phone names."", ""principle"": ""Ordering by value reduces cognitive load (Tufte)""}]",accepted,,,R1,1,1,1,1,1,1,none found,none found,1,"Persona (users), context_summary, layout, styling, interactions and rationales are mutually consistent with kpi/encoding_x/encoding_y; no fabricated fields detected.",1,1,1,1,1,1,1,1,1,,"Bar chart of COUNT(Name) across phone Name categories with descending sort is a valid, clearly ranked comparison example."
nvbench:708:query:0,train,pie,part_to_whole,COUNT(*),Police_force,COUNT(*),Public safety analyst comparing county counts per police force.,"{""db_id"": ""county_public_safety"", ""n_kpis"": 1, ""source"": ""nvbench"", ""data_scope"": ""counties per police force""}","{""type"": ""single"", ""blocks"": [{""kpi"": ""COUNT(*)"", ""chart"": ""the selected chart""}]}","{""theme"": ""minimal"", ""emphasis"": ""proportional shares""}","[{""type"": ""tooltip"", ""fields"": [""Police_force"", ""COUNT(*)""]}, {""type"": ""legend_toggle"", ""fields"": [""Police_force""]}]","[{""claim"": ""The selected pie chart supports part-to-whole comparison of COUNT(*) across Police_force by encoding proportions as angles."", ""principle"": ""angle perception (Cleveland & McGill)""}]",accepted,,,R1,1,1,1,1,1,1,none found,none found,1,"Persona (users), context_summary, layout, styling, interactions and rationales are mutually consistent with kpi/encoding_x/encoding_y; no fabricated fields detected.",1,1,1,1,1,1,1,1,1,,"Pie of COUNT(*) across Police_force (counties per force) is an additive, low-cardinality part-to-whole example."
nvbench:1790@x_name@ASC:query:4,train,line,trend,SALARY,HIRE_DATE,SALARY,HR analyst examining salary trend over hire dates for employees hired before 2002-06-21.,"{""db_id"": ""hr_1"", ""n_kpis"": 1, ""source"": ""nvbench"", ""data_scope"": ""employees hired before 2002-06-21"", ""time_grain"": null, ""grouped"": false}","{""type"": ""single"", ""blocks"": [{""kpi"": ""SALARY"", ""chart"": ""the selected chart""}]}","{""theme"": ""minimal"", ""emphasis"": ""temporal trend""}","[{""type"": ""tooltip"", ""fields"": [""HIRE_DATE"", ""SALARY""]}, {""type"": ""sort"", ""fields"": [""HIRE_DATE""]}, {""type"": ""zoom"", ""fields"": [""HIRE_DATE""]}, {""type"": ""time_range_select"", ""fields"": [""HIRE_DATE""]}]","[{""claim"": ""The selected line chart supports trend analysis of SALARY over HIRE_DATE."", ""principle"": ""Position on a common scale (Cleveland & McGill) enables accurate perception of changes over time.""}]",accepted,,,R1,1,1,1,1,1,1,none found,none found,1,"Persona (users), context_summary, layout, styling, interactions and rationales are mutually consistent with kpi/encoding_x/encoding_y; no fabricated fields detected.",1,1,1,1,1,1,1,1,1,,"HIRE_DATE is a genuine temporal, ordered x-axis and SALARY a meaningful quantitative measure; plotting salaries against hire date to see historical progression is a standard line-chart pattern consistent with the pre-2002-06-21 filter."
nvbench:2750:query:0,train,stacked_bar,composition,COUNT(Class),Class,COUNT(Class),Naval personnel analyst comparing rank composition across ship classes.,"{""db_id"": ""ship_1"", ""n_kpis"": 1, ""source"": ""nvbench"", ""data_scope"": ""ship classes and ranks"", ""chart_type"": ""stacked_bar"", ""task_type"": ""composition""}","{""type"": ""single"", ""blocks"": [{""kpi"": ""COUNT(Class)"", ""chart"": ""stacked_bar""}]}","{""theme"": ""minimal"", ""emphasis"": ""stacked composition""}","[{""type"": ""tooltip"", ""fields"": [""Class"", ""Rank"", ""COUNT(Class)""]}, {""type"": ""legend_toggle"", ""fields"": [""Rank""]}, {""type"": ""sort"", ""fields"": [""COUNT(Class)""]}]","[{""claim"": ""The stacked bar chart supports composition analysis by showing the contribution of each Rank to the total COUNT(Class) per Class."", ""principle"": ""Stacked bars encode part-to-whole relationships through segment lengths (Cleveland & McGill).""}]",accepted,,,R1,1,1,1,1,1,1,none found,none found,1,"Persona (users), context_summary, layout, styling, interactions and rationales are mutually consistent with kpi/encoding_x/encoding_y; no fabricated fields detected.",1,1,1,1,1,1,1,1,1,,Stacked bar of COUNT(Class) grouped by Rank across ship classes is additive and the grouping is consistently reflected in tooltip and legend.
nvbench:968:query:0,train,scatter,correlation,count(*),account_name,count(*),Analyst exploring correlation between account name and transaction count.,"{""db_id"": ""customers_and_invoices"", ""n_kpis"": 1, ""source"": ""nvbench"", ""data_scope"": ""accounts grouped by account_id""}","{""type"": ""single"", ""blocks"": [{""kpi"": ""count(*)"", ""chart"": ""the selected chart""}]}","{""theme"": ""minimal"", ""emphasis"": ""correlation""}","[{""type"": ""tooltip"", ""fields"": [""account_id"", ""account_name"", ""count(*)""]}, {""type"": ""zoom"", ""fields"": [""account_name"", ""count(*)""]}]","[{""claim"": ""The selected chart supports correlation analysis between account_name and count(*)."", ""principle"": ""Scatter plots use position along two axes to reveal relationships (Cleveland & McGill).""}]",accepted,,,R1,1,1,1,1,1,1,none found,none found,1,"Persona (users), context_summary, layout, styling, interactions and rationales are mutually consistent with kpi/encoding_x/encoding_y; no fabricated fields detected.",1,1,1,1,1,1,1,1,1,,"account_name is a categorical/identifier-like field, not a quantitative variable; a scatter plot of account_name vs count(*) cannot support a genuine correlation analysis. A bar chart ranking counts per account would be appropriate instead."
nvbench:2305:query:0,val,bar,comparison,avg(T1.Price),Name,avg(T1.Price),Product manager comparing average prices across manufacturers.,"{""db_id"": ""manufactory_1"", ""n_kpis"": 1, ""source"": ""nvbench"", ""data_scope"": ""average prices by manufacturer name"", ""chart_type"": ""bar""}","{""type"": ""single"", ""blocks"": [{""kpi"": ""avg(T1.Price)"", ""chart"": ""bar""}]}","{""theme"": ""minimal"", ""emphasis"": ""average price comparison""}","[{""type"": ""tooltip"", ""fields"": [""Name"", ""avg(T1.Price)""]}, {""type"": ""sort"", ""fields"": [""avg(T1.Price)""]}]","[{""claim"": ""The bar chart supports comparison of avg(T1.Price) across Name categories."", ""principle"": ""position on a common scale (Cleveland & McGill)""}]",accepted,,,R1,1,1,1,1,1,1,none found,none found,1,"Persona (users), context_summary, layout, styling, interactions and rationales are mutually consistent with kpi/encoding_x/encoding_y; no fabricated fields detected.",1,1,1,1,1,1,1,1,1,,Bar chart of avg(T1.Price) across manufacturer Name is a valid comparison using a proper aggregate measure on the y-axis.
nvbench:2416:query:0,val,pie,part_to_whole,Level_of_membership,Name,Level_of_membership,Museum analyst comparing membership level shares across visitors with high membership.,"{""db_id"": ""museum_visit"", ""n_kpis"": 1, ""source"": ""nvbench"", ""data_scope"": ""visitors with Level_of_membership > 4"", ""chart_purpose"": ""part-to-whole""}","{""type"": ""single"", ""blocks"": [{""kpi"": ""Level_of_membership"", ""chart"": ""the selected chart""}]}","{""theme"": ""minimal"", ""emphasis"": ""proportions""}","[{""type"": ""tooltip"", ""fields"": [""Name"", ""Level_of_membership""]}, {""type"": ""hover_highlight"", ""fields"": [""Name""]}]","[{""claim"": ""The selected pie chart supports part-to-whole comparison of Level_of_membership across Name."", ""principle"": ""Pie charts use angle and area to encode proportions (Cleveland & McGill)""}]",accepted,,,R1,1,1,1,1,1,1,none found,none found,1,"Persona (users), context_summary, layout, styling, interactions and rationales are mutually consistent with kpi/encoding_x/encoding_y; no fabricated fields detected.",1,1,1,1,1,1,1,1,1,,"Pie chart plots individual Level_of_membership values per visitor Name; Name is an individual identifier (high cardinality) and Level_of_membership is an ordinal attribute, not a COUNT/SUM measure — neither the dimension nor the KPI satisfies the pie chart's additive, low-cardinality part-to-whole requirement."
nvbench:80@x_name@DESC:query:2,val,line,trend,COUNT(date_of_birth),date_of_birth,COUNT(date_of_birth),Analyst analyzing trend of birth year counts for male guests.,"{""db_id"": ""apartment_rentals"", ""n_kpis"": 1, ""source"": ""nvbench"", ""data_scope"": ""birth years of male guests"", ""time_grain"": ""year"", ""filter_applied"": ""gender_code = Male""}","{""type"": ""single"", ""blocks"": [{""kpi"": ""COUNT(date_of_birth)"", ""chart"": ""the selected chart""}]}","{""theme"": ""minimal"", ""emphasis"": ""temporal trend""}","[{""type"": ""tooltip"", ""fields"": [""date_of_birth"", ""COUNT(date_of_birth)""]}, {""type"": ""sort"", ""fields"": [""date_of_birth""]}, {""type"": ""time_range_select"", ""fields"": [""date_of_birth""]}]","[{""claim"": ""The selected line chart supports trend analysis of COUNT(date_of_birth) over date_of_birth."", ""principle"": ""Line charts are effective for showing changes over time (Tufte)""}, {""claim"": ""The descending sort on date_of_birth aids in identifying recent years first."", ""principle"": ""Ordering data logically reduces cognitive load (Cleveland)""}]",accepted,,,R1,1,1,1,1,1,1,none found,none found,1,"Persona (users), context_summary, layout, styling, interactions and rationales are mutually consistent with kpi/encoding_x/encoding_y; no fabricated fields detected.",1,1,1,1,1,1,1,1,1,,Line/trend of COUNT(date_of_birth) by year filtered to male guests is a valid time-series example with an explicit YEAR time grain.
nvbench:927:query:0,val,stacked_bar,composition,COUNT(date_account_opened),date_account_opened,COUNT(date_account_opened),Marketing analyst comparing account openings per weekday by account type.,"{""db_id"": ""customers_and_invoices"", ""n_kpis"": 1, ""source"": ""nvbench"", ""data_scope"": ""accounts opened per weekday grouped by other_account_details""}","{""type"": ""single"", ""blocks"": [{""kpi"": ""COUNT(date_account_opened)"", ""chart"": ""the selected chart""}]}","{""theme"": ""minimal"", ""emphasis"": ""composition of account types per weekday""}","[{""type"": ""tooltip"", ""fields"": [""date_account_opened"", ""other_account_details"", ""COUNT(date_account_opened)""]}, {""type"": ""sort"", ""fields"": [""COUNT(date_account_opened)""]}, {""type"": ""legend_toggle"", ""fields"": [""other_account_details""]}, {""type"": ""filter"", ""fields"": [""other_account_details""]}]","[{""claim"": ""The selected chart (stacked bar) supports composition analysis of COUNT(date_account_opened) across weekday, segmented by other_account_details."", ""principle"": ""Stacked bars facilitate part-to-whole comparisons (Cleveland & McGill).""}, {""claim"": ""The chart also allows comparison of total counts across weekdays due to aligned baselines."", ""principle"": ""Position on a common scale enables accurate comparison (Cleveland & McGill).""}]",accepted,,,R1,1,1,1,1,1,1,none found,none found,1,"Persona (users), context_summary, layout, styling, interactions and rationales are mutually consistent with kpi/encoding_x/encoding_y; no fabricated fields detected.",1,1,1,1,1,1,1,1,1,,"Stacked bar of COUNT(date_account_opened) by weekday, grouped by other_account_details, is additive and preserves the grouping constraint consistently."
nvbench:1504:query:0,train,scatter,correlation,Market_Value,Rank,Market_Value,Analyst examining correlation between rank and market value for banking companies.,"{""db_id"": ""gas_company"", ""n_kpis"": 2, ""source"": ""nvbench"", ""data_scope"": ""Banking industry companies grouped by Company""}","{""type"": ""single"", ""blocks"": [{""kpi"": ""Market_Value"", ""chart"": ""scatter""}]}","{""theme"": ""minimal"", ""emphasis"": ""grouped scatter""}","[{""type"": ""tooltip"", ""fields"": [""Company"", ""Rank"", ""Market_Value""]}, {""type"": ""zoom"", ""fields"": [""Rank"", ""Market_Value""]}, {""type"": ""brush"", ""fields"": [""Rank"", ""Market_Value""]}, {""type"": ""legend_toggle"", ""fields"": [""Company""]}]","[{""claim"": ""The scatter plot supports correlation analysis between Rank and Market_Value."", ""principle"": ""Scatter plots are effective for revealing relationships between two quantitative variables (Cleveland & McGill, 1984).""}, {""claim"": ""Grouping by Company allows comparison of individual company patterns."", ""principle"": ""Grouped scatter plots facilitate comparison across categories (Tufte).""}]",accepted,,,R1,1,1,1,1,1,1,none found,none found,1,"Persona (users), context_summary, layout, styling, interactions and rationales are mutually consistent with kpi/encoding_x/encoding_y; no fabricated fields detected.",1,1,1,1,1,1,1,1,1,,"Without direct evidence that Rank is computed from Market_Value within the same query, the two fields are treated as independent database columns; Rank vs Market_Value for banking companies is a standard two-quantitative-variable scatter."
